{
 "type": "block",
 "layer": 0,
 "block": 9,
 "features": [
  {
   "geom": {
    "polygons": [
     [
      [
       [
        21.080357234131874,
        4.806044718624574
       ],
       [
        21.640929275005917,
        5.7769839747209195
       ],
       [
        22.762073356753987,
        5.7769839747209195
       ],
       [
        23.322645397628015,
        4.806044718624574
       ],
       [
        22.762073356753987,
        3.835105462528184
       ],
       [
        21.640929275005917,
        3.835105462528184
       ],
       [
        21.080357234131874,
        4.806044718624574
       ]
      ]
     ]
    ],
    "centroids": [
     [
      22.201501315879835,
      4.806044718624552,
      0.0
     ]
    ],
    "h": 0.19418776067916804
   },
   "mtl": {
    "face": 0,
    "border": 1
   }
  },
  {
   "geom": {
    "polygons": [
     [
      [
       [
        21.080357234131874,
        6.747923230817309
       ],
       [
        21.640929275005917,
        7.718862486913677
       ],
       [
        22.762073356753987,
        7.718862486913677
       ],
       [
        23.322645397628015,
        6.747923230817309
       ],
       [
        22.762073356753987,
        5.7769839747209195
       ],
       [
        21.640929275005917,
        5.7769839747209195
       ],
       [
        21.080357234131874,
        6.747923230817309
       ]
      ]
     ]
    ],
    "centroids": [
     [
      22.201501315879945,
      6.747923230817287,
      0.0
     ]
    ],
    "h": 0.48546940169792013
   },
   "mtl": {
    "face": 0,
    "border": 1
   }
  },
  {
   "geom": {
    "polygons": [
     [
      [
       [
        21.080357234131874,
        8.689801743010046
       ],
       [
        21.640929275005917,
        9.660740999106443
       ],
       [
        22.762073356753987,
        9.660740999106443
       ],
       [
        23.322645397628015,
        8.689801743010046
       ],
       [
        22.762073356753987,
        7.718862486913677
       ],
       [
        21.640929275005917,
        7.718862486913677
       ],
       [
        21.080357234131874,
        8.689801743010046
       ]
      ]
     ]
    ],
    "centroids": [
     [
      22.201501315879945,
      8.689801743010046,
      0.0
     ]
    ],
    "h": 1.2622204444145924
   },
   "mtl": {
    "face": 3,
    "border": 1
   }
  },
  {
   "geom": {
    "polygons": [
     [
      [
       [
        21.080357234131874,
        10.631680255202811
       ],
       [
        21.640929275005917,
        11.602619511299178
       ],
       [
        22.762073356753987,
        11.602619511299178
       ],
       [
        23.322645397628015,
        10.631680255202811
       ],
       [
        22.762073356753987,
        9.660740999106443
       ],
       [
        21.640929275005917,
        9.660740999106443
       ],
       [
        21.080357234131874,
        10.631680255202811
       ]
      ]
     ]
    ],
    "centroids": [
     [
      22.201501315879945,
      10.63168025520284,
      0.0
     ]
    ],
    "h": 0.9709388033958403
   },
   "mtl": {
    "face": 2,
    "border": 1
   }
  },
  {
   "geom": {
    "polygons": [
     [
      [
       [
        21.080357234131874,
        12.573558767395546
       ],
       [
        21.640929275005917,
        13.544498023491913
       ],
       [
        22.762073356753987,
        13.544498023491913
       ],
       [
        23.322645397628015,
        12.573558767395546
       ],
       [
        22.762073356753987,
        11.602619511299178
       ],
       [
        21.640929275005917,
        11.602619511299178
       ],
       [
        21.080357234131874,
        12.573558767395546
       ]
      ]
     ]
    ],
    "centroids": [
     [
      22.201501315879945,
      12.573558767395546,
      0.0
     ]
    ],
    "h": 1.2622204444145924
   },
   "mtl": {
    "face": 3,
    "border": 1
   }
  },
  {
   "geom": {
    "polygons": [
     [
      [
       [
        21.080357234131874,
        14.515437279588312
       ],
       [
        21.640929275005917,
        15.486376535684679
       ],
       [
        22.762073356753987,
        15.486376535684679
       ],
       [
        23.322645397628015,
        14.515437279588312
       ],
       [
        22.762073356753987,
        13.544498023491913
       ],
       [
        21.640929275005917,
        13.544498023491913
       ],
       [
        21.080357234131874,
        14.515437279588312
       ]
      ]
     ]
    ],
    "centroids": [
     [
      22.201501315879945,
      14.515437279588282,
      0.0
     ]
    ],
    "h": 0.2912816410187521
   },
   "mtl": {
    "face": 0,
    "border": 1
   }
  },
  {
   "geom": {
    "polygons": [
     [
      [
       [
        22.762073356753987,
        5.7769839747209195
       ],
       [
        23.322645397628015,
        6.747923230817309
       ],
       [
        24.443789479375976,
        6.747923230817309
       ],
       [
        25.004361520250008,
        5.7769839747209195
       ],
       [
        24.443789479375976,
        4.806044718624574
       ],
       [
        23.322645397628015,
        4.806044718624574
       ],
       [
        22.762073356753987,
        5.7769839747209195
       ]
      ]
     ]
    ],
    "centroids": [
     [
      23.883217438501937,
      5.776983974720942,
      0.0
     ]
    ],
    "h": 0.48546940169792013
   },
   "mtl": {
    "face": 0,
    "border": 1
   }
  },
  {
   "geom": {
    "polygons": [
     [
      [
       [
        22.762073356753987,
        7.718862486913677
       ],
       [
        23.322645397628015,
        8.689801743010046
       ],
       [
        24.443789479375976,
        8.689801743010046
       ],
       [
        25.004361520250008,
        7.718862486913677
       ],
       [
        24.443789479375976,
        6.747923230817309
       ],
       [
        23.322645397628015,
        6.747923230817309
       ],
       [
        22.762073356753987,
        7.718862486913677
       ]
      ]
     ]
    ],
    "centroids": [
     [
      23.883217438501937,
      7.718862486913655,
      0.0
     ]
    ],
    "h": 1.8447837264520965
   },
   "mtl": {
    "face": 6,
    "border": 1
   }
  },
  {
   "geom": {
    "polygons": [
     [
      [
       [
        22.762073356753987,
        9.660740999106443
       ],
       [
        23.322645397628015,
        10.631680255202811
       ],
       [
        24.443789479375976,
        10.631680255202811
       ],
       [
        25.004361520250008,
        9.660740999106443
       ],
       [
        24.443789479375976,
        8.689801743010046
       ],
       [
        23.322645397628015,
        8.689801743010046
       ],
       [
        22.762073356753987,
        9.660740999106443
       ]
      ]
     ]
    ],
    "centroids": [
     [
      23.883217438501937,
      9.660740999106443,
      0.0
     ]
    ],
    "h": 0.3883755213583361
   },
   "mtl": {
    "face": 0,
    "border": 1
   }
  },
  {
   "geom": {
    "polygons": [
     [
      [
       [
        22.762073356753987,
        11.602619511299178
       ],
       [
        23.322645397628015,
        12.573558767395546
       ],
       [
        24.443789479375976,
        12.573558767395546
       ],
       [
        25.004361520250008,
        11.602619511299178
       ],
       [
        24.443789479375976,
        10.631680255202811
       ],
       [
        23.322645397628015,
        10.631680255202811
       ],
       [
        22.762073356753987,
        11.602619511299178
       ]
      ]
     ]
    ],
    "centroids": [
     [
      23.883217438501937,
      11.602619511299178,
      0.0
     ]
    ],
    "h": 1.1651265640750084
   },
   "mtl": {
    "face": 3,